{
  "3p": {
    "ø": {
      "in": {
        "verbete": "ur",
        "pluriforme": false,
        "overwrite": false
      },
      "ge": {
        "verbete": "ur",
        "pluriforme": false,
        "overwrite": false
      },
      "ci": {
        "verbete": "ur",
        "pluriforme": true,
        "overwrite": false
      },
      "pe": {
        "verbete": "ur",
        "pluriforme": false,
        "overwrite": false
      }
    }
  },
  "1ps": {
    "ø": {
      "ge": {
        "verbete": "tur",
        "pluriforme": false,
        "overwrite": false
      },
      "ci": {
        "verbete": "ur",
        "pluriforme": true,
        "overwrite": false
      }
    }
  },
  "1ppe": {
    "ø": {
      "ci": {
        "verbete": "ur",
        "pluriforme": true,
        "overwrite": false
      }
    }
  },
  "1ppi": {
    "ø": {
      "ci": {
        "verbete": "ur",
        "pluriforme": true,
        "overwrite": false
      }
    }
  },
  "2pp": {
    "ø": {
      "im": {
        "verbete": "îori",
        "pluriforme": false,
        "overwrite": false
      }
    }
  },
  "2ps": {
    "ø": {
      "im": {
        "verbete": "îori",
        "pluriforme": false,
        "overwrite": false
      }
    }
  }
}