{
  "3p": {
    "ø": {
      "in": {
        "verbete": "epoti",
        "pluriforme": false,
        "overwrite": false
      },
      "ge": {
        "verbete": "epoti",
        "pluriforme": false,
        "overwrite": false
      },
      "ci": {
        "verbete": "epoti",
        "pluriforme": true,
        "overwrite": false
      },
      "pe": {
        "verbete": "epoti",
        "pluriforme": false,
        "overwrite": false
      }
    }
  },
  "1ps": {
    "ø": {
      "ge": {
        "verbete": "tepoti",
        "pluriforme": false,
        "overwrite": false
      },
      "ci": {
        "verbete": "epoti",
        "pluriforme": true,
        "overwrite": false
      }
    }
  },
  "1ppe": {
    "ø": {
      "ci": {
        "verbete": "epoti",
        "pluriforme": true,
        "overwrite": false
      }
    }
  },
  "1ppi": {
    "ø": {
      "ci": {
        "verbete": "epoti",
        "pluriforme": true,
        "overwrite": false
      }
    }
  }
}