entry_index,headword,start,end,citation,printed_pages,actual_link_targets
2343,abá,915,936,"D'Evreux, Viagem, 293",293,/nhe-enga/docs/primary_sources/?book_name=evreux1929&page_number=293
2353,abaeté,787,807,"D'Evreux, Viagem, 86",86,/nhe-enga/docs/primary_sources/?book_name=evreux1929&page_number=86
2495,ahẽ,848,869,"D'Evreux, Viagem, 144",144,/nhe-enga/docs/primary_sources/?book_name=evreux1929&page_number=144
2497,a'i,63,83,"D'Evreux, Viagem, 73",73,/nhe-enga/docs/primary_sources/?book_name=evreux1929&page_number=73
2499,ãîa,220,241,"D'Evreux, Viagem, 158",158,/nhe-enga/docs/primary_sources/?book_name=evreux1929&page_number=158
2541,aîpiã,132,153,"D'Evreux, Viagem, 161",161,/nhe-enga/docs/primary_sources/?book_name=evreux1929&page_number=161
2598,aîurupy,13,34,"D'Evreux, Viagem, 158",158,/nhe-enga/docs/primary_sources/?book_name=evreux1929&page_number=158
2601,ãîyba,26,47,"D'Evreux, Viagem, 158",158,/nhe-enga/docs/primary_sources/?book_name=evreux1929&page_number=158
2613,akab,154,175,"D'Evreux, Viagem, 146",146,/nhe-enga/docs/primary_sources/?book_name=evreux1929&page_number=146
2826,ambuba,44,65,"D'Evreux, Viagem, 158",158,/nhe-enga/docs/primary_sources/?book_name=evreux1929&page_number=158
2919,anangûyra,26,47,"D'Evreux, Viagem, 159",159,/nhe-enga/docs/primary_sources/?book_name=evreux1929&page_number=159
2952,angaîbara,183,204,"D'Evreux, Viagem, 151",151,/nhe-enga/docs/primary_sources/?book_name=evreux1929&page_number=151
3250,apyngûara,30,51,"D'Evreux, Viagem, 158",158,/nhe-enga/docs/primary_sources/?book_name=evreux1929&page_number=158
3291,'apytereba,117,138,"D'Evreux, Viagem, 157",157,/nhe-enga/docs/primary_sources/?book_name=evreux1929&page_number=157
3591,aûîekatutenhẽ,137,158,"D'Evreux, Viagem, 246",246,/nhe-enga/docs/primary_sources/?book_name=evreux1929&page_number=246
3606,aûsub,116,137,"D'Evreux, Viagem, 252",252,/nhe-enga/docs/primary_sources/?book_name=evreux1929&page_number=252
3827,ekar,445,466,"D'Evreux, Viagem, 144",144,/nhe-enga/docs/primary_sources/?book_name=evreux1929&page_number=144
3907,ekyî,148,169,"D'Evreux, Viagem, 151",151,/nhe-enga/docs/primary_sources/?book_name=evreux1929&page_number=151
4006,endybá,30,51,"D'Evreux, Viagem, 158",158,/nhe-enga/docs/primary_sources/?book_name=evreux1929&page_number=158
4007,endybaaba,349,370,"D'Evreux, Viagem, 158",158,/nhe-enga/docs/primary_sources/?book_name=evreux1929&page_number=158
4196,esaba,20,41,"D'Evreux, Viagem, 157",157,/nhe-enga/docs/primary_sources/?book_name=evreux1929&page_number=157
4197,esabanga,95,116,"D'Evreux, Viagem, 157",157,/nhe-enga/docs/primary_sources/?book_name=evreux1929&page_number=157
4233,esaúna,94,115,"D'Evreux, Viagem, 156",156,/nhe-enga/docs/primary_sources/?book_name=evreux1929&page_number=156
4234,esau'uma,126,147,"D'Evreux, Viagem, 157",157,/nhe-enga/docs/primary_sources/?book_name=evreux1929&page_number=157
4521,gûy,175,196,"D'Evreux, Viagem, 364",364,/nhe-enga/docs/primary_sources/?book_name=evreux1929&page_number=364
4530,gûyrá,699,720,"D'Evreux, Viagem, 293",293,/nhe-enga/docs/primary_sources/?book_name=evreux1929&page_number=293
4781,Îapĩûasu,58,78,"D'Evreux, Viagem, 88",88,/nhe-enga/docs/primary_sources/?book_name=evreux1929&page_number=88
5022,îemongetá,72,93,"D'Evreux, Viagem, 145",145,/nhe-enga/docs/primary_sources/?book_name=evreux1929&page_number=145
5144,îeruré,337,358,"D'Evreux, Viagem, 144",144,/nhe-enga/docs/primary_sources/?book_name=evreux1929&page_number=144
5527,îur,663,684,"D'Evreux, Viagem, 144",144,/nhe-enga/docs/primary_sources/?book_name=evreux1929&page_number=144
5527,îur,727,748,"D'Evreux, Viagem, 144",144,/nhe-enga/docs/primary_sources/?book_name=evreux1929&page_number=144
5529,îurá,58,78,"D'Evreux, Viagem, 84",84,/nhe-enga/docs/primary_sources/?book_name=evreux1929&page_number=84
5534,îuraragûaî,129,149,"D'Evreux, Viagem, 88",88,/nhe-enga/docs/primary_sources/?book_name=evreux1929&page_number=88
5580,îurupyter,66,87,"D'Evreux, Viagem, 158",158,/nhe-enga/docs/primary_sources/?book_name=evreux1929&page_number=158
5648,ka'abondûara,134,155,"D'Evreux, Viagem, 144",144,/nhe-enga/docs/primary_sources/?book_name=evreux1929&page_number=144
5780,kamarupĩ,38,58,"D'Evreux, Viagem, 84",84,/nhe-enga/docs/primary_sources/?book_name=evreux1929&page_number=84
5825,kanga,357,378,"D'Evreux, Viagem, 159",159,/nhe-enga/docs/primary_sources/?book_name=evreux1929&page_number=159
5887,karaíba,214,235,"D'Evreux, Viagem, 245",245,/nhe-enga/docs/primary_sources/?book_name=evreux1929&page_number=245
5899,karakoba,69,90,"D'Evreux, Viagem, 131",131,/nhe-enga/docs/primary_sources/?book_name=evreux1929&page_number=131
5951,karûabora,36,57,"D'Evreux, Viagem, 157",157,/nhe-enga/docs/primary_sources/?book_name=evreux1929&page_number=157
5957,karûatapiranga,81,102,"D'Evreux, Viagem, 276",276,/nhe-enga/docs/primary_sources/?book_name=evreux1929&page_number=276
5961,karuka,64,85,"D'Evreux, Viagem, 246",246,/nhe-enga/docs/primary_sources/?book_name=evreux1929&page_number=246
6005,kaûĩtatá,108,129,"D'Evreux, Viagem, 364",364,/nhe-enga/docs/primary_sources/?book_name=evreux1929&page_number=364
6018,ké,68,89,"D'Evreux, Viagem, 159",159,/nhe-enga/docs/primary_sources/?book_name=evreux1929&page_number=159
6088,kongûyra,23,44,"D'Evreux, Viagem, 158",158,/nhe-enga/docs/primary_sources/?book_name=evreux1929&page_number=158
6095,kopir,257,278,"D'Evreux, Viagem, 144",144,/nhe-enga/docs/primary_sources/?book_name=evreux1929&page_number=144
6111,korite'ĩ,243,264,"D'Evreux, Viagem, 137",137,/nhe-enga/docs/primary_sources/?book_name=evreux1929&page_number=137
6201,kûatiara,17,38,"D'Evreux, Viagem, 250",250,/nhe-enga/docs/primary_sources/?book_name=evreux1929&page_number=250
6280,kunhã,620,641,"D'Evreux, Viagem, 293",293,/nhe-enga/docs/primary_sources/?book_name=evreux1929&page_number=293
6285,kunhãmuku,69,90,"D'Evreux, Viagem, 136",136,/nhe-enga/docs/primary_sources/?book_name=evreux1929&page_number=136
6287,kunhãmukupûara,43,64,"D'Evreux, Viagem, 136",136,/nhe-enga/docs/primary_sources/?book_name=evreux1929&page_number=136
6290,kunhataĩ,206,227,"D'Evreux, Viagem, 135",135,/nhe-enga/docs/primary_sources/?book_name=evreux1929&page_number=135
6292,kunhataĩmirĩ,67,88,"D'Evreux, Viagem, 135",135,/nhe-enga/docs/primary_sources/?book_name=evreux1929&page_number=135
6294,kunumĩ,280,301,"D'Evreux, Viagem, 130",130,/nhe-enga/docs/primary_sources/?book_name=evreux1929&page_number=130
6298,kunumĩgûasu,563,584,"D'Evreux, Viagem, 130",130,/nhe-enga/docs/primary_sources/?book_name=evreux1929&page_number=130
6298,kunumĩgûasu,642,663,"D'Evreux, Viagem, 131",131,/nhe-enga/docs/primary_sources/?book_name=evreux1929&page_number=131
6300,kunumĩmirĩ,81,102,"D'Evreux, Viagem, 129",129,/nhe-enga/docs/primary_sources/?book_name=evreux1929&page_number=129
6322,kurab,347,368,"D'Evreux, Viagem, 148",148,/nhe-enga/docs/primary_sources/?book_name=evreux1929&page_number=148
6345,kuruba,534,555,"D'Evreux, Viagem, 157",157,/nhe-enga/docs/primary_sources/?book_name=evreux1929&page_number=157
6401,kyîu,50,71,"D'Evreux, Viagem, 215",215,/nhe-enga/docs/primary_sources/?book_name=evreux1929&page_number=215
6425,kyseapara,96,117,"D'Evreux, Viagem, 246",246,/nhe-enga/docs/primary_sources/?book_name=evreux1929&page_number=246
6547,manõ,239,260,"D'Evreux, Viagem, 124",124,/nhe-enga/docs/primary_sources/?book_name=evreux1929&page_number=124
6563,maraba,17,38,"D'Evreux, Viagem, 142",142,/nhe-enga/docs/primary_sources/?book_name=evreux1929&page_number=142
6563,maraba,73,94,"D'Evreux, Viagem, 143",143,/nhe-enga/docs/primary_sources/?book_name=evreux1929&page_number=143
6629,maratá,26,47,"D'Evreux, Viagem, 250",250,/nhe-enga/docs/primary_sources/?book_name=evreux1929&page_number=250
6643,mari,74,95,"D'Evreux, Viagem, 147",147,/nhe-enga/docs/primary_sources/?book_name=evreux1929&page_number=147
6891,menondera,27,48,"D'Evreux, Viagem, 126",126,/nhe-enga/docs/primary_sources/?book_name=evreux1929&page_number=126
7127,moîarõ,14,35,"D'Evreux, Viagem, 146",146,/nhe-enga/docs/primary_sources/?book_name=evreux1929&page_number=146
7341,mondok,538,559,"D'Evreux, Viagem, 144",144,/nhe-enga/docs/primary_sources/?book_name=evreux1929&page_number=144
7543,mosupara,125,146,"D'Evreux, Viagem, 144",144,/nhe-enga/docs/primary_sources/?book_name=evreux1929&page_number=144
7608,mûa'i,49,69,"D'Evreux, Viagem, 82",82,/nhe-enga/docs/primary_sources/?book_name=evreux1929&page_number=82
7863,nheangerekó,646,667,"D'Evreux, Viagem, 145",145,/nhe-enga/docs/primary_sources/?book_name=evreux1929&page_number=145
7863,nheangerekó,710,731,"D'Evreux, Viagem, 145",145,/nhe-enga/docs/primary_sources/?book_name=evreux1929&page_number=145
7886,nhe'engaíba,101,122,"D'Evreux, Viagem, 157",157,/nhe-enga/docs/primary_sources/?book_name=evreux1929&page_number=157
7904,nhe'enge'yma,36,57,"D'Evreux, Viagem, 157",157,/nhe-enga/docs/primary_sources/?book_name=evreux1929&page_number=157
7914,nhe'ẽporanga,55,76,"D'Evreux, Viagem, 158",158,/nhe-enga/docs/primary_sources/?book_name=evreux1929&page_number=158
8187,obapé,27,48,"D'Evreux, Viagem, 158",158,/nhe-enga/docs/primary_sources/?book_name=evreux1929&page_number=158
8188,obapegûasu,49,70,"D'Evreux, Viagem, 158",158,/nhe-enga/docs/primary_sources/?book_name=evreux1929&page_number=158
8320,opé,94,115,"D'Evreux, Viagem, 158",158,/nhe-enga/docs/primary_sources/?book_name=evreux1929&page_number=158
8350,oryba,720,741,"D'Evreux, Viagem, 143",143,/nhe-enga/docs/primary_sources/?book_name=evreux1929&page_number=143
8451,paranã,428,449,"D'Evreux, Viagem, 181",181,/nhe-enga/docs/primary_sources/?book_name=evreux1929&page_number=181
8451,paranã,481,502,"D'Evreux, Viagem, 181",181,/nhe-enga/docs/primary_sources/?book_name=evreux1929&page_number=181
8475,parĩ,125,146,"D'Evreux, Viagem, 157",157,/nhe-enga/docs/primary_sources/?book_name=evreux1929&page_number=157
8484,patakûera,19,40,"D'Evreux, Viagem, 126",126,/nhe-enga/docs/primary_sources/?book_name=evreux1929&page_number=126
8487,patûá,135,156,"D'Evreux, Viagem, 245",245,/nhe-enga/docs/primary_sources/?book_name=evreux1929&page_number=245
8692,-pipó?,306,327,"D'Evreux, Viagem, 244",244,/nhe-enga/docs/primary_sources/?book_name=evreux1929&page_number=244
8696,pirá,157,178,"D'Evreux, Viagem, 144",144,/nhe-enga/docs/primary_sources/?book_name=evreux1929&page_number=144
8716,Piraîuba,59,79,"D'Evreux, Viagem, 88",88,/nhe-enga/docs/primary_sources/?book_name=evreux1929&page_number=88
8743,pirapoti,44,65,"D'Evreux, Viagem, 181",181,/nhe-enga/docs/primary_sources/?book_name=evreux1929&page_number=181
8890,po'o,333,354,"D'Evreux, Viagem, 144",144,/nhe-enga/docs/primary_sources/?book_name=evreux1929&page_number=144
8939,poraseîa,713,734,"D'Evreux, Viagem, 173",173,/nhe-enga/docs/primary_sources/?book_name=evreux1929&page_number=173
8979,poroamotare'yma,149,170,"D'Evreux, Viagem, 147",147,/nhe-enga/docs/primary_sources/?book_name=evreux1929&page_number=147
9199,putuna,888,909,"D'Evreux, Viagem, 143",143,/nhe-enga/docs/primary_sources/?book_name=evreux1929&page_number=143
9237,py'aso'o,29,50,"D'Evreux, Viagem, 159",159,/nhe-enga/docs/primary_sources/?book_name=evreux1929&page_number=159
9289,pypytera,133,154,"D'Evreux, Viagem, 159",159,/nhe-enga/docs/primary_sources/?book_name=evreux1929&page_number=159
9313,pysá,46,67,"D'Evreux, Viagem, 130",130,/nhe-enga/docs/primary_sources/?book_name=evreux1929&page_number=130
9520,sapaîu,95,116,"D'Evreux, Viagem, 216",216,/nhe-enga/docs/primary_sources/?book_name=evreux1929&page_number=216
9536,sapumim,82,103,"D'Evreux, Viagem, 158",158,/nhe-enga/docs/primary_sources/?book_name=evreux1929&page_number=158
9624,setá,791,812,"D'Evreux, Viagem, 147",147,/nhe-enga/docs/primary_sources/?book_name=evreux1929&page_number=147
9624,setá,859,880,"D'Evreux, Viagem, 152",152,/nhe-enga/docs/primary_sources/?book_name=evreux1929&page_number=152
9625,setatupabẽ,66,86,"D'Evreux, Viagem, 88",88,/nhe-enga/docs/primary_sources/?book_name=evreux1929&page_number=88
9643,só,414,435,"D'Evreux, Viagem, 143",143,/nhe-enga/docs/primary_sources/?book_name=evreux1929&page_number=143
9662,so'o,484,505,"D'Evreux, Viagem, 144",144,/nhe-enga/docs/primary_sources/?book_name=evreux1929&page_number=144
9662,so'o,717,738,"D'Evreux, Viagem, 293",293,/nhe-enga/docs/primary_sources/?book_name=evreux1929&page_number=293
9748,su'u,72,93,"D'Evreux, Viagem, 158",158,/nhe-enga/docs/primary_sources/?book_name=evreux1929&page_number=158
10073,taruré,31,52,"D'Evreux, Viagem, 207",207,/nhe-enga/docs/primary_sources/?book_name=evreux1929&page_number=207
10101,tatapu'i,88,109,"D'Evreux, Viagem, 246",246,/nhe-enga/docs/primary_sources/?book_name=evreux1929&page_number=246
10108,tata'u,76,97,"D'Evreux, Viagem, 246",246,/nhe-enga/docs/primary_sources/?book_name=evreux1929&page_number=246
10190,teîú,106,127,"D'Evreux, Viagem, 207",207,/nhe-enga/docs/primary_sources/?book_name=evreux1929&page_number=207
10202,tekatunhẽ,92,113,"D'Evreux, Viagem, 364",364,/nhe-enga/docs/primary_sources/?book_name=evreux1929&page_number=364
10333,te'yîupaba,229,249,"D'Evreux, Viagem, 77",77,/nhe-enga/docs/primary_sources/?book_name=evreux1929&page_number=77
10343,tiá!,89,111,"D' Evreux, Viagem, 143",143,/nhe-enga/docs/primary_sources/?book_name=evreux1929&page_number=143
10371,timbeba,94,115,"D'Evreux, Viagem, 157",157,/nhe-enga/docs/primary_sources/?book_name=evreux1929&page_number=157
10473,tuîba'e,444,465,"D'Evreux, Viagem, 133",133,/nhe-enga/docs/primary_sources/?book_name=evreux1929&page_number=133
10757,u'i,265,286,"D'Evreux, Viagem, 144",144,/nhe-enga/docs/primary_sources/?book_name=evreux1929&page_number=144
10989,'y,235,256,"D'Evreux, Viagem, 144",144,/nhe-enga/docs/primary_sources/?book_name=evreux1929&page_number=144
11085,OBSERVAÇÃO,105,126,"D'Evreux, Viagem, 181",181,/nhe-enga/docs/primary_sources/?book_name=evreux1929&page_number=181
11284,ygé,28,49,"D'Evreux, Viagem, 159",159,/nhe-enga/docs/primary_sources/?book_name=evreux1929&page_number=159
11288,ygegûasu,103,124,"D'Evreux, Viagem, 159",159,/nhe-enga/docs/primary_sources/?book_name=evreux1929&page_number=159
13010,Marabá,56,85,"D'Evreux, Viagem, pp. 142-143",142;143,/nhe-enga/docs/primary_sources/?book_name=evreux1929&page_number=142;/nhe-enga/docs/primary_sources/?book_name=evreux1929&page_number=143
